ensembl_gene_id	gene_symbol	n_muscle_contexts	primary_available	status
ENSG00000078596	ITM2A	20	1	available
ENSG00000169313	P2RY12	0	0	missing_hcata_all_cells_effect
ENSG00000154265	ABCA5	20	1	available
ENSG00000167130	DOLPP1	13	1	available
ENSG00000140157	NIPA2	20	1	available
ENSG00000112972	HMGCS1	20	1	available
ENSG00000035862	TIMP2	20	1	available
ENSG00000107957	SH3PXD2A	20	1	available
ENSG00000104763	ASAH1	20	1	available
ENSG00000115415	STAT1	20	1	available
ENSG00000168610	STAT3	20	1	available
ENSG00000123545	NDUFAF4	20	1	available
ENSG00000108821	COL1A1	20	1	available
ENSG00000123338	NCKAP1L	7	1	available
ENSG00000069974	RAB27A	8	0	missing_hcata_all_cells_effect
ENSG00000164405	UQCRQ	20	1	available
ENSG00000179242	CDH4	0	0	missing_hcata_all_cells_effect
ENSG00000091483	FH	20	1	available
ENSG00000179091	CYC1	20	1	available
ENSG00000105372	RPS19	20	1	available
ENSG00000082146	STRADB	20	1	available
ENSG00000088543	C3orf18	20	1	available
ENSG00000143321	HDGF	20	1	available
ENSG00000132386	SERPINF1	0	0	missing_hcata_all_cells_effect
ENSG00000166337	TAF10	20	1	available
ENSG00000113448	PDE4D	20	1	available
ENSG00000203730	TEDDM1	0	0	missing_hcata_all_cells_effect
ENSG00000131910	NR0B2	0	0	missing_hcata_all_cells_effect
ENSG00000172115	CYCS	20	1	available
ENSG00000162961	DPY30	20	1	available
ENSG00000154518	ATP5MC3	20	1	available
ENSG00000100242	SUN2	20	1	available
ENSG00000138463	SLC49A4	0	0	missing_hcata_all_cells_effect
ENSG00000174444	RPL4	20	1	available
ENSG00000067704	IARS2	20	1	available
ENSG00000092068	SLC7A8	19	1	available
ENSG00000039068	CDH1	0	0	missing_hcata_all_cells_effect
ENSG00000086015	MAST2	20	1	available
ENSG00000143158	MPC2	20	1	available
ENSG00000162511	LAPTM5	5	0	missing_hcata_all_cells_effect
ENSG00000172578	KLHL6	7	0	missing_hcata_all_cells_effect
ENSG00000040487	SLC66A1	0	0	missing_hcata_all_cells_effect
ENSG00000186628	FSD2	20	1	available
ENSG00000182333	LIPF	0	0	missing_hcata_all_cells_effect
ENSG00000150782	IL18	18	1	available
ENSG00000182568	SATB1	20	1	available
ENSG00000106554	CHCHD3	20	1	available
ENSG00000125246	CLYBL	20	1	available
ENSG00000165029	ABCA1	20	1	available
ENSG00000101247	NDUFAF5	20	1	available
ENSG00000204264	PSMB8	0	0	missing_hcata_all_cells_effect
ENSG00000125863	MKKS	20	1	available
ENSG00000124766	SOX4	20	1	available
ENSG00000130640	TUBGCP2	20	1	available
ENSG00000183496	MEX3B	6	0	missing_hcata_all_cells_effect
ENSG00000163346	PBXIP1	20	1	available
ENSG00000117411	B4GALT2	17	1	available
ENSG00000108528	SLC25A11	20	1	available
ENSG00000131943	C19orf12	20	1	available
ENSG00000163840	DTX3L	20	1	available
ENSG00000120694	HSPH1	20	1	available
ENSG00000117519	CNN3	20	1	available
ENSG00000181222	POLR2A	0	0	missing_hcata_all_cells_effect
ENSG00000164692	COL1A2	20	1	available
ENSG00000135070	ISCA1	20	1	available
ENSG00000135541	AHI1	20	1	available
ENSG00000152413	HOMER1	20	1	available
ENSG00000067113	PLPP1	20	1	available
ENSG00000079999	KEAP1	20	1	available
ENSG00000196187	TMEM63A	20	1	available
ENSG00000178053	MLF1	20	1	available
ENSG00000136167	LCP1	8	1	available
ENSG00000164687	FABP5	20	1	available
ENSG00000116748	AMPD1	20	1	available
ENSG00000132359	RAP1GAP2	6	0	missing_hcata_all_cells_effect
ENSG00000129083	COPB1	20	1	available
ENSG00000075336	TIMM21	20	1	available
ENSG00000163541	SUCLG1	20	1	available
ENSG00000083857	FAT1	20	1	available
ENSG00000167081	PBX3	18	1	available
ENSG00000144214	LYG1	2	0	missing_hcata_all_cells_effect
ENSG00000139180	NDUFA9	20	1	available
ENSG00000070214	SLC44A1	20	1	available
ENSG00000131941	RHPN2	3	0	missing_hcata_all_cells_effect
ENSG00000125148	MT2A	20	1	available
ENSG00000114315	HES1	20	1	available
ENSG00000154473	BUB3	20	1	available
ENSG00000135916	ITM2C	14	1	available
ENSG00000174446	SNAPC5	20	1	available
ENSG00000183741	CBX6	20	1	available
ENSG00000108591	DRG2	20	1	available
ENSG00000154222	CC2D1B	20	1	available
ENSG00000170458	CD14	7	1	available
ENSG00000115268	RPS15	20	1	available
ENSG00000168394	TAP1	0	0	missing_hcata_all_cells_effect
ENSG00000103994	ZNF106	20	1	available
ENSG00000133687	TMTC1	20	1	available
ENSG00000152443	ZNF776	20	1	available
ENSG00000182326	C1S	20	1	available
ENSG00000136938	ANP32B	20	1	available
ENSG00000107789	MINPP1	20	1	available
ENSG00000069956	MAPK6	20	1	available
ENSG00000154096	THY1	11	1	available
ENSG00000158195	WASF2	20	1	available
ENSG00000104894	CD37	6	1	available
ENSG00000068615	REEP1	19	1	available
ENSG00000136521	NDUFB5	20	1	available
ENSG00000164733	CTSB	0	0	missing_hcata_all_cells_effect
ENSG00000064115	TM7SF3	20	1	available
ENSG00000134352	IL6ST	20	1	available
ENSG00000157637	SLC38A10	20	1	available
ENSG00000273749	CYFIP1	0	0	missing_hcata_all_cells_effect
ENSG00000128708	HAT1	20	1	available
ENSG00000113387	SUB1	20	1	available
ENSG00000165629	ATP5F1C	20	1	available
ENSG00000188153	COL4A5	20	1	available
ENSG00000140990	NDUFB10	20	1	available
ENSG00000167434	CA4	8	1	available
ENSG00000127951	FGL2	19	1	available
ENSG00000146834	MEPCE	20	1	available
ENSG00000150347	ARID5B	20	1	available
ENSG00000156508	EEF1A1	20	1	available
ENSG00000114416	FXR1	20	1	available
ENSG00000087470	DNM1L	20	1	available
ENSG00000113845	TIMMDC1	20	1	available
ENSG00000143162	CREG1	20	1	available
ENSG00000134107	BHLHE40	20	1	available
ENSG00000011465	DCN	20	1	available
ENSG00000197324	LRP10	20	1	available
ENSG00000173918	C1QTNF1	14	1	available
ENSG00000165996	HACD1	20	1	available
ENSG00000006118	TMEM132A	5	0	missing_hcata_all_cells_effect
ENSG00000164327	RICTOR	20	1	available
ENSG00000145332	KLHL8	20	1	available
ENSG00000163577	EIF5A2	7	0	missing_hcata_all_cells_effect
ENSG00000051523	CYBA	20	1	available
ENSG00000117598	PLPPR5	1	0	missing_hcata_all_cells_effect
ENSG00000167693	NXN	0	0	missing_hcata_all_cells_effect
ENSG00000174109	UQCC4	20	1	available
ENSG00000172216	CEBPB	20	1	available
ENSG00000106603	COA1	20	1	available
ENSG00000083720	OXCT1	19	1	available
ENSG00000116906	GNPAT	20	1	available
ENSG00000177971	IMP3	20	1	available
ENSG00000169908	TM4SF1	19	1	available
ENSG00000090013	BLVRB	20	1	available
ENSG00000135924	DNAJB2	20	1	available
ENSG00000187323	DCC	0	0	missing_hcata_all_cells_effect
ENSG00000167136	ENDOG	20	1	available
ENSG00000162695	SLC30A7	20	1	available
