panel_order	gene_symbol	ensembl_gene_id	entrez_id	hagr_group	wording_audit
1	ITM2A	ENSG00000078596	9452	down	0
2	P2RY12	ENSG00000169313	64805	up	1
3	ABCA5	ENSG00000154265	23461	background	0
4	DOLPP1	ENSG00000167130	57171	background	0
5	NIPA2	ENSG00000140157	81614	background	0
6	HMGCS1	ENSG00000112972	3157	down	0
7	TIMP2	ENSG00000035862	7077	up	0
8	SH3PXD2A	ENSG00000107957	9644	up	0
9	ASAH1	ENSG00000104763	427	up	0
10	STAT1	ENSG00000115415	6772	up	0
11	STAT3	ENSG00000168610	6774	up	0
12	NDUFAF4	ENSG00000123545	29078	down	1
13	COL1A1	ENSG00000108821	1277	down	0
14	NCKAP1L	ENSG00000123338	3071	up	1
15	RAB27A	ENSG00000069974	5873	up	0
16	UQCRQ	ENSG00000164405	27089	down	0
17	CDH4	ENSG00000179242	1002	background	0
18	FH	ENSG00000091483	2271	down	0
19	CYC1	ENSG00000179091	1537	down	0
20	RPS19	ENSG00000105372	6223	background	0
21	STRADB	ENSG00000082146	55437	down	0
22	C3orf18	ENSG00000088543	51161	background	0
23	HDGF	ENSG00000143321	3068	background	1
24	SERPINF1	ENSG00000132386	5176	down	0
25	TAF10	ENSG00000166337	6881	background	0
26	PDE4D	ENSG00000113448	5144	down	0
27	TEDDM1	ENSG00000203730	127670	background	0
28	NR0B2	ENSG00000131910	8431	background	0
29	CYCS	ENSG00000172115	54205	down	0
30	DPY30	ENSG00000162961	84661	background	0
31	ATP5MC3	ENSG00000154518	518	down	1
32	SUN2	ENSG00000100242	25777	up	0
33	SLC49A4	ENSG00000138463	84925	down	0
34	RPL4	ENSG00000174444	6124	up	0
35	IARS2	ENSG00000067704	55699	background	0
36	SLC7A8	ENSG00000092068	23428	background	0
37	CDH1	ENSG00000039068	999	up	0
38	MAST2	ENSG00000086015	23139	background	1
39	MPC2	ENSG00000143158	25874	down	0
40	LAPTM5	ENSG00000162511	7805	up	0
41	KLHL6	ENSG00000172578	89857	up	0
42	SLC66A1	ENSG00000040487	54896	background	1
43	FSD2	ENSG00000186628	123722	background	0
44	LIPF	ENSG00000182333	8513	background	0
45	IL18	ENSG00000150782	3606	up	1
46	SATB1	ENSG00000182568	6304	down	0
47	CHCHD3	ENSG00000106554	54927	down	1
48	CLYBL	ENSG00000125246	171425	down	0
49	ABCA1	ENSG00000165029	19	up	1
50	NDUFAF5	ENSG00000101247	79133	down	0
51	PSMB8	ENSG00000204264	5696	up	0
52	MKKS	ENSG00000125863	8195	down	0
53	SOX4	ENSG00000124766	6659	down	0
54	TUBGCP2	ENSG00000130640	10844	up	0
55	MEX3B	ENSG00000183496	84206	down	1
56	PBXIP1	ENSG00000163346	57326	up	0
57	B4GALT2	ENSG00000117411	8704	background	0
58	SLC25A11	ENSG00000108528	8402	down	0
59	C19orf12	ENSG00000131943	83636	background	0
60	DTX3L	ENSG00000163840	151636	up	0
61	HSPH1	ENSG00000120694	10808	down	1
62	CNN3	ENSG00000117519	1266	up	0
63	POLR2A	ENSG00000181222	5430	up	0
64	COL1A2	ENSG00000164692	1278	down	0
65	ISCA1	ENSG00000135070	81689	down	0
66	AHI1	ENSG00000135541	54806	background	1
67	HOMER1	ENSG00000152413	9456	down	0
68	PLPP1	ENSG00000067113	8611	up	0
69	KEAP1	ENSG00000079999	9817	background	1
70	TMEM63A	ENSG00000196187	9725	up	0
71	MLF1	ENSG00000178053	4291	down	0
72	LCP1	ENSG00000136167	3936	up	0
73	FABP5	ENSG00000164687	2171	down	0
74	AMPD1	ENSG00000116748	270	background	0
75	RAP1GAP2	ENSG00000132359	23108	up	0
76	COPB1	ENSG00000129083	1315	background	0
77	TIMM21	ENSG00000075336	29090	down	1
78	SUCLG1	ENSG00000163541	8802	down	0
79	FAT1	ENSG00000083857	2195	background	0
80	PBX3	ENSG00000167081	5090	up	0
81	LYG1	ENSG00000144214	129530	background	0
82	NDUFA9	ENSG00000139180	4704	down	0
83	SLC44A1	ENSG00000070214	23446	up	1
84	RHPN2	ENSG00000131941	85415	up	0
85	MT2A	ENSG00000125148	4502	up	0
86	HES1	ENSG00000114315	3280	background	0
87	BUB3	ENSG00000154473	9184	background	0
88	ITM2C	ENSG00000135916	81618	background	0
89	SNAPC5	ENSG00000174446	10302	background	1
90	CBX6	ENSG00000183741	23466	down	0
91	DRG2	ENSG00000108591	1819	background	0
92	CC2D1B	ENSG00000154222	200014	background	0
93	CD14	ENSG00000170458	929	up	0
94	RPS15	ENSG00000115268	6209	background	0
95	TAP1	ENSG00000168394	6890	up	0
96	ZNF106	ENSG00000103994	64397	background	0
97	TMTC1	ENSG00000133687	83857	up	1
98	ZNF776	ENSG00000152443	284309	background	0
99	C1S	ENSG00000182326	716	up	1
100	ANP32B	ENSG00000136938	10541	up	0
101	MINPP1	ENSG00000107789	9562	background	0
102	MAPK6	ENSG00000069956	5597	down	0
103	THY1	ENSG00000154096	7070	down	0
104	WASF2	ENSG00000158195	10163	up	0
105	CD37	ENSG00000104894	951	up	0
106	REEP1	ENSG00000068615	65055	down	0
107	NDUFB5	ENSG00000136521	4711	down	0
108	CTSB	ENSG00000164733	1508	up	0
109	TM7SF3	ENSG00000064115	51768	up	0
110	IL6ST	ENSG00000134352	3572	up	0
111	SLC38A10	ENSG00000157637	124565	background	0
112	CYFIP1	ENSG00000273749	23191	background	1
113	HAT1	ENSG00000128708	8520	background	0
114	SUB1	ENSG00000113387	10923	background	0
115	ATP5F1C	ENSG00000165629	509	down	0
116	COL4A5	ENSG00000188153	1287	down	0
117	NDUFB10	ENSG00000140990	4716	down	1
118	CA4	ENSG00000167434	762	down	0
119	FGL2	ENSG00000127951	10875	up	0
120	MEPCE	ENSG00000146834	56257	background	1
121	ARID5B	ENSG00000150347	84159	background	0
122	EEF1A1	ENSG00000156508	1915	background	0
123	FXR1	ENSG00000114416	8087	background	0
124	DNM1L	ENSG00000087470	10059	down	1
125	TIMMDC1	ENSG00000113845	51300	down	0
126	CREG1	ENSG00000143162	8804	up	0
127	BHLHE40	ENSG00000134107	8553	up	0
128	DCN	ENSG00000011465	1634	up	0
129	LRP10	ENSG00000197324	26020	up	1
130	C1QTNF1	ENSG00000173918	114897	background	0
131	HACD1	ENSG00000165996	9200	down	0
132	TMEM132A	ENSG00000006118	54972	down	0
133	RICTOR	ENSG00000164327	253260	up	1
134	KLHL8	ENSG00000145332	57563	background	1
135	EIF5A2	ENSG00000163577	56648	background	1
136	CYBA	ENSG00000051523	1535	up	0
137	PLPPR5	ENSG00000117598	163404	down	1
138	NXN	ENSG00000167693	64359	background	0
139	UQCC4	ENSG00000174109	283951	down	0
140	CEBPB	ENSG00000172216	1051	up	0
141	COA1	ENSG00000106603	55744	down	0
142	OXCT1	ENSG00000083720	5019	down	0
143	GNPAT	ENSG00000116906	8443	down	0
144	IMP3	ENSG00000177971	55272	background	0
145	TM4SF1	ENSG00000169908	4071	up	0
146	BLVRB	ENSG00000090013	645	background	0
147	DNAJB2	ENSG00000135924	3300	up	0
148	DCC	ENSG00000187323	1630	background	0
149	ENDOG	ENSG00000167136	2021	down	1
150	SLC30A7	ENSG00000162695	148867	up	1
