request_id	tpm	sequence_sha256	resolved_ensembl_gene_id	model	run_id
ENSG00000078596__primary_young					
ENSG00000078596__primary_old					
ENSG00000078596__baseline_baseline					
ENSG00000169313__primary_young					
ENSG00000169313__primary_old					
ENSG00000169313__baseline_baseline					
ENSG00000169313__alt1_young					
ENSG00000169313__alt1_old					
ENSG00000169313__alt2_young					
ENSG00000169313__alt2_old					
ENSG00000154265__primary_young					
ENSG00000154265__primary_old					
ENSG00000154265__baseline_baseline					
ENSG00000167130__primary_young					
ENSG00000167130__primary_old					
ENSG00000167130__baseline_baseline					
ENSG00000140157__primary_young					
ENSG00000140157__primary_old					
ENSG00000140157__baseline_baseline					
ENSG00000112972__primary_young					
ENSG00000112972__primary_old					
ENSG00000112972__baseline_baseline					
ENSG00000035862__primary_young					
ENSG00000035862__primary_old					
ENSG00000035862__baseline_baseline					
ENSG00000107957__primary_young					
ENSG00000107957__primary_old					
ENSG00000107957__baseline_baseline					
ENSG00000104763__primary_young					
ENSG00000104763__primary_old					
ENSG00000104763__baseline_baseline					
ENSG00000115415__primary_young					
ENSG00000115415__primary_old					
ENSG00000115415__baseline_baseline					
ENSG00000168610__primary_young					
ENSG00000168610__primary_old					
ENSG00000168610__baseline_baseline					
ENSG00000123545__primary_young					
ENSG00000123545__primary_old					
ENSG00000123545__baseline_baseline					
ENSG00000123545__alt1_young					
ENSG00000123545__alt1_old					
ENSG00000123545__alt2_young					
ENSG00000123545__alt2_old					
ENSG00000108821__primary_young					
ENSG00000108821__primary_old					
ENSG00000108821__baseline_baseline					
ENSG00000123338__primary_young					
ENSG00000123338__primary_old					
ENSG00000123338__baseline_baseline					
ENSG00000123338__alt1_young					
ENSG00000123338__alt1_old					
ENSG00000123338__alt2_young					
ENSG00000123338__alt2_old					
ENSG00000069974__primary_young					
ENSG00000069974__primary_old					
ENSG00000069974__baseline_baseline					
ENSG00000164405__primary_young					
ENSG00000164405__primary_old					
ENSG00000164405__baseline_baseline					
ENSG00000179242__primary_young					
ENSG00000179242__primary_old					
ENSG00000179242__baseline_baseline					
ENSG00000091483__primary_young					
ENSG00000091483__primary_old					
ENSG00000091483__baseline_baseline					
ENSG00000179091__primary_young					
ENSG00000179091__primary_old					
ENSG00000179091__baseline_baseline					
ENSG00000105372__primary_young					
ENSG00000105372__primary_old					
ENSG00000105372__baseline_baseline					
ENSG00000082146__primary_young					
ENSG00000082146__primary_old					
ENSG00000082146__baseline_baseline					
ENSG00000088543__primary_young					
ENSG00000088543__primary_old					
ENSG00000088543__baseline_baseline					
ENSG00000143321__primary_young					
ENSG00000143321__primary_old					
ENSG00000143321__baseline_baseline					
ENSG00000143321__alt1_young					
ENSG00000143321__alt1_old					
ENSG00000143321__alt2_young					
ENSG00000143321__alt2_old					
ENSG00000132386__primary_young					
ENSG00000132386__primary_old					
ENSG00000132386__baseline_baseline					
ENSG00000166337__primary_young					
ENSG00000166337__primary_old					
ENSG00000166337__baseline_baseline					
ENSG00000113448__primary_young					
ENSG00000113448__primary_old					
ENSG00000113448__baseline_baseline					
ENSG00000203730__primary_young					
ENSG00000203730__primary_old					
ENSG00000203730__baseline_baseline					
ENSG00000131910__primary_young					
ENSG00000131910__primary_old					
ENSG00000131910__baseline_baseline					
ENSG00000172115__primary_young					
ENSG00000172115__primary_old					
ENSG00000172115__baseline_baseline					
ENSG00000162961__primary_young					
ENSG00000162961__primary_old					
ENSG00000162961__baseline_baseline					
ENSG00000154518__primary_young					
ENSG00000154518__primary_old					
ENSG00000154518__baseline_baseline					
ENSG00000154518__alt1_young					
ENSG00000154518__alt1_old					
ENSG00000154518__alt2_young					
ENSG00000154518__alt2_old					
ENSG00000100242__primary_young					
ENSG00000100242__primary_old					
ENSG00000100242__baseline_baseline					
ENSG00000138463__primary_young					
ENSG00000138463__primary_old					
ENSG00000138463__baseline_baseline					
ENSG00000174444__primary_young					
ENSG00000174444__primary_old					
ENSG00000174444__baseline_baseline					
ENSG00000067704__primary_young					
ENSG00000067704__primary_old					
ENSG00000067704__baseline_baseline					
ENSG00000092068__primary_young					
ENSG00000092068__primary_old					
ENSG00000092068__baseline_baseline					
ENSG00000039068__primary_young					
ENSG00000039068__primary_old					
ENSG00000039068__baseline_baseline					
ENSG00000086015__primary_young					
ENSG00000086015__primary_old					
ENSG00000086015__baseline_baseline					
ENSG00000086015__alt1_young					
ENSG00000086015__alt1_old					
ENSG00000086015__alt2_young					
ENSG00000086015__alt2_old					
ENSG00000143158__primary_young					
ENSG00000143158__primary_old					
ENSG00000143158__baseline_baseline					
ENSG00000162511__primary_young					
ENSG00000162511__primary_old					
ENSG00000162511__baseline_baseline					
ENSG00000172578__primary_young					
ENSG00000172578__primary_old					
ENSG00000172578__baseline_baseline					
ENSG00000040487__primary_young					
ENSG00000040487__primary_old					
ENSG00000040487__baseline_baseline					
ENSG00000040487__alt1_young					
ENSG00000040487__alt1_old					
ENSG00000040487__alt2_young					
ENSG00000040487__alt2_old					
ENSG00000186628__primary_young					
ENSG00000186628__primary_old					
ENSG00000186628__baseline_baseline					
ENSG00000182333__primary_young					
ENSG00000182333__primary_old					
ENSG00000182333__baseline_baseline					
ENSG00000150782__primary_young					
ENSG00000150782__primary_old					
ENSG00000150782__baseline_baseline					
ENSG00000150782__alt1_young					
ENSG00000150782__alt1_old					
ENSG00000150782__alt2_young					
ENSG00000150782__alt2_old					
ENSG00000182568__primary_young					
ENSG00000182568__primary_old					
ENSG00000182568__baseline_baseline					
ENSG00000106554__primary_young					
ENSG00000106554__primary_old					
ENSG00000106554__baseline_baseline					
ENSG00000106554__alt1_young					
ENSG00000106554__alt1_old					
ENSG00000106554__alt2_young					
ENSG00000106554__alt2_old					
ENSG00000125246__primary_young					
ENSG00000125246__primary_old					
ENSG00000125246__baseline_baseline					
ENSG00000165029__primary_young					
ENSG00000165029__primary_old					
ENSG00000165029__baseline_baseline					
ENSG00000165029__alt1_young					
ENSG00000165029__alt1_old					
ENSG00000165029__alt2_young					
ENSG00000165029__alt2_old					
ENSG00000101247__primary_young					
ENSG00000101247__primary_old					
ENSG00000101247__baseline_baseline					
ENSG00000204264__primary_young					
ENSG00000204264__primary_old					
ENSG00000204264__baseline_baseline					
ENSG00000125863__primary_young					
ENSG00000125863__primary_old					
ENSG00000125863__baseline_baseline					
ENSG00000124766__primary_young					
ENSG00000124766__primary_old					
ENSG00000124766__baseline_baseline					
ENSG00000130640__primary_young					
ENSG00000130640__primary_old					
ENSG00000130640__baseline_baseline					
ENSG00000183496__primary_young					
ENSG00000183496__primary_old					
ENSG00000183496__baseline_baseline					
ENSG00000183496__alt1_young					
ENSG00000183496__alt1_old					
ENSG00000183496__alt2_young					
ENSG00000183496__alt2_old					
ENSG00000163346__primary_young					
ENSG00000163346__primary_old					
ENSG00000163346__baseline_baseline					
ENSG00000117411__primary_young					
ENSG00000117411__primary_old					
ENSG00000117411__baseline_baseline					
ENSG00000108528__primary_young					
ENSG00000108528__primary_old					
ENSG00000108528__baseline_baseline					
ENSG00000131943__primary_young					
ENSG00000131943__primary_old					
ENSG00000131943__baseline_baseline					
ENSG00000163840__primary_young					
ENSG00000163840__primary_old					
ENSG00000163840__baseline_baseline					
ENSG00000120694__primary_young					
ENSG00000120694__primary_old					
ENSG00000120694__baseline_baseline					
ENSG00000120694__alt1_young					
ENSG00000120694__alt1_old					
ENSG00000120694__alt2_young					
ENSG00000120694__alt2_old					
ENSG00000117519__primary_young					
ENSG00000117519__primary_old					
ENSG00000117519__baseline_baseline					
ENSG00000181222__primary_young					
ENSG00000181222__primary_old					
ENSG00000181222__baseline_baseline					
ENSG00000164692__primary_young					
ENSG00000164692__primary_old					
ENSG00000164692__baseline_baseline					
ENSG00000135070__primary_young					
ENSG00000135070__primary_old					
ENSG00000135070__baseline_baseline					
ENSG00000135541__primary_young					
ENSG00000135541__primary_old					
ENSG00000135541__baseline_baseline					
ENSG00000135541__alt1_young					
ENSG00000135541__alt1_old					
ENSG00000135541__alt2_young					
ENSG00000135541__alt2_old					
ENSG00000152413__primary_young					
ENSG00000152413__primary_old					
ENSG00000152413__baseline_baseline					
ENSG00000067113__primary_young					
ENSG00000067113__primary_old					
ENSG00000067113__baseline_baseline					
ENSG00000079999__primary_young					
ENSG00000079999__primary_old					
ENSG00000079999__baseline_baseline					
ENSG00000079999__alt1_young					
ENSG00000079999__alt1_old					
ENSG00000079999__alt2_young					
ENSG00000079999__alt2_old					
ENSG00000196187__primary_young					
ENSG00000196187__primary_old					
ENSG00000196187__baseline_baseline					
ENSG00000178053__primary_young					
ENSG00000178053__primary_old					
ENSG00000178053__baseline_baseline					
ENSG00000136167__primary_young					
ENSG00000136167__primary_old					
ENSG00000136167__baseline_baseline					
ENSG00000164687__primary_young					
ENSG00000164687__primary_old					
ENSG00000164687__baseline_baseline					
ENSG00000116748__primary_young					
ENSG00000116748__primary_old					
ENSG00000116748__baseline_baseline					
ENSG00000132359__primary_young					
ENSG00000132359__primary_old					
ENSG00000132359__baseline_baseline					
ENSG00000129083__primary_young					
ENSG00000129083__primary_old					
ENSG00000129083__baseline_baseline					
ENSG00000075336__primary_young					
ENSG00000075336__primary_old					
ENSG00000075336__baseline_baseline					
ENSG00000075336__alt1_young					
ENSG00000075336__alt1_old					
ENSG00000075336__alt2_young					
ENSG00000075336__alt2_old					
ENSG00000163541__primary_young					
ENSG00000163541__primary_old					
ENSG00000163541__baseline_baseline					
ENSG00000083857__primary_young					
ENSG00000083857__primary_old					
ENSG00000083857__baseline_baseline					
ENSG00000167081__primary_young					
ENSG00000167081__primary_old					
ENSG00000167081__baseline_baseline					
ENSG00000144214__primary_young					
ENSG00000144214__primary_old					
ENSG00000144214__baseline_baseline					
ENSG00000139180__primary_young					
ENSG00000139180__primary_old					
ENSG00000139180__baseline_baseline					
ENSG00000070214__primary_young					
ENSG00000070214__primary_old					
ENSG00000070214__baseline_baseline					
ENSG00000070214__alt1_young					
ENSG00000070214__alt1_old					
ENSG00000070214__alt2_young					
ENSG00000070214__alt2_old					
ENSG00000131941__primary_young					
ENSG00000131941__primary_old					
ENSG00000131941__baseline_baseline					
ENSG00000125148__primary_young					
ENSG00000125148__primary_old					
ENSG00000125148__baseline_baseline					
ENSG00000114315__primary_young					
ENSG00000114315__primary_old					
ENSG00000114315__baseline_baseline					
ENSG00000154473__primary_young					
ENSG00000154473__primary_old					
ENSG00000154473__baseline_baseline					
ENSG00000135916__primary_young					
ENSG00000135916__primary_old					
ENSG00000135916__baseline_baseline					
ENSG00000174446__primary_young					
ENSG00000174446__primary_old					
ENSG00000174446__baseline_baseline					
ENSG00000174446__alt1_young					
ENSG00000174446__alt1_old					
ENSG00000174446__alt2_young					
ENSG00000174446__alt2_old					
ENSG00000183741__primary_young					
ENSG00000183741__primary_old					
ENSG00000183741__baseline_baseline					
ENSG00000108591__primary_young					
ENSG00000108591__primary_old					
ENSG00000108591__baseline_baseline					
ENSG00000154222__primary_young					
ENSG00000154222__primary_old					
ENSG00000154222__baseline_baseline					
ENSG00000170458__primary_young					
ENSG00000170458__primary_old					
ENSG00000170458__baseline_baseline					
ENSG00000115268__primary_young					
ENSG00000115268__primary_old					
ENSG00000115268__baseline_baseline					
ENSG00000168394__primary_young					
ENSG00000168394__primary_old					
ENSG00000168394__baseline_baseline					
ENSG00000103994__primary_young					
ENSG00000103994__primary_old					
ENSG00000103994__baseline_baseline					
ENSG00000133687__primary_young					
ENSG00000133687__primary_old					
ENSG00000133687__baseline_baseline					
ENSG00000133687__alt1_young					
ENSG00000133687__alt1_old					
ENSG00000133687__alt2_young					
ENSG00000133687__alt2_old					
ENSG00000152443__primary_young					
ENSG00000152443__primary_old					
ENSG00000152443__baseline_baseline					
ENSG00000182326__primary_young					
ENSG00000182326__primary_old					
ENSG00000182326__baseline_baseline					
ENSG00000182326__alt1_young					
ENSG00000182326__alt1_old					
ENSG00000182326__alt2_young					
ENSG00000182326__alt2_old					
ENSG00000136938__primary_young					
ENSG00000136938__primary_old					
ENSG00000136938__baseline_baseline					
ENSG00000107789__primary_young					
ENSG00000107789__primary_old					
ENSG00000107789__baseline_baseline					
ENSG00000069956__primary_young					
ENSG00000069956__primary_old					
ENSG00000069956__baseline_baseline					
ENSG00000154096__primary_young					
ENSG00000154096__primary_old					
ENSG00000154096__baseline_baseline					
ENSG00000158195__primary_young					
ENSG00000158195__primary_old					
ENSG00000158195__baseline_baseline					
ENSG00000104894__primary_young					
ENSG00000104894__primary_old					
ENSG00000104894__baseline_baseline					
ENSG00000068615__primary_young					
ENSG00000068615__primary_old					
ENSG00000068615__baseline_baseline					
ENSG00000136521__primary_young					
ENSG00000136521__primary_old					
ENSG00000136521__baseline_baseline					
ENSG00000164733__primary_young					
ENSG00000164733__primary_old					
ENSG00000164733__baseline_baseline					
ENSG00000064115__primary_young					
ENSG00000064115__primary_old					
ENSG00000064115__baseline_baseline					
ENSG00000134352__primary_young					
ENSG00000134352__primary_old					
ENSG00000134352__baseline_baseline					
ENSG00000157637__primary_young					
ENSG00000157637__primary_old					
ENSG00000157637__baseline_baseline					
ENSG00000273749__primary_young					
ENSG00000273749__primary_old					
ENSG00000273749__baseline_baseline					
ENSG00000273749__alt1_young					
ENSG00000273749__alt1_old					
ENSG00000273749__alt2_young					
ENSG00000273749__alt2_old					
ENSG00000128708__primary_young					
ENSG00000128708__primary_old					
ENSG00000128708__baseline_baseline					
ENSG00000113387__primary_young					
ENSG00000113387__primary_old					
ENSG00000113387__baseline_baseline					
ENSG00000165629__primary_young					
ENSG00000165629__primary_old					
ENSG00000165629__baseline_baseline					
ENSG00000188153__primary_young					
ENSG00000188153__primary_old					
ENSG00000188153__baseline_baseline					
ENSG00000140990__primary_young					
ENSG00000140990__primary_old					
ENSG00000140990__baseline_baseline					
ENSG00000140990__alt1_young					
ENSG00000140990__alt1_old					
ENSG00000140990__alt2_young					
ENSG00000140990__alt2_old					
ENSG00000167434__primary_young					
ENSG00000167434__primary_old					
ENSG00000167434__baseline_baseline					
ENSG00000127951__primary_young					
ENSG00000127951__primary_old					
ENSG00000127951__baseline_baseline					
ENSG00000146834__primary_young					
ENSG00000146834__primary_old					
ENSG00000146834__baseline_baseline					
ENSG00000146834__alt1_young					
ENSG00000146834__alt1_old					
ENSG00000146834__alt2_young					
ENSG00000146834__alt2_old					
ENSG00000150347__primary_young					
ENSG00000150347__primary_old					
ENSG00000150347__baseline_baseline					
ENSG00000156508__primary_young					
ENSG00000156508__primary_old					
ENSG00000156508__baseline_baseline					
ENSG00000114416__primary_young					
ENSG00000114416__primary_old					
ENSG00000114416__baseline_baseline					
ENSG00000087470__primary_young					
ENSG00000087470__primary_old					
ENSG00000087470__baseline_baseline					
ENSG00000087470__alt1_young					
ENSG00000087470__alt1_old					
ENSG00000087470__alt2_young					
ENSG00000087470__alt2_old					
ENSG00000113845__primary_young					
ENSG00000113845__primary_old					
ENSG00000113845__baseline_baseline					
ENSG00000143162__primary_young					
ENSG00000143162__primary_old					
ENSG00000143162__baseline_baseline					
ENSG00000134107__primary_young					
ENSG00000134107__primary_old					
ENSG00000134107__baseline_baseline					
ENSG00000011465__primary_young					
ENSG00000011465__primary_old					
ENSG00000011465__baseline_baseline					
ENSG00000197324__primary_young					
ENSG00000197324__primary_old					
ENSG00000197324__baseline_baseline					
ENSG00000197324__alt1_young					
ENSG00000197324__alt1_old					
ENSG00000197324__alt2_young					
ENSG00000197324__alt2_old					
ENSG00000173918__primary_young					
ENSG00000173918__primary_old					
ENSG00000173918__baseline_baseline					
ENSG00000165996__primary_young					
ENSG00000165996__primary_old					
ENSG00000165996__baseline_baseline					
ENSG00000006118__primary_young					
ENSG00000006118__primary_old					
ENSG00000006118__baseline_baseline					
ENSG00000164327__primary_young					
ENSG00000164327__primary_old					
ENSG00000164327__baseline_baseline					
ENSG00000164327__alt1_young					
ENSG00000164327__alt1_old					
ENSG00000164327__alt2_young					
ENSG00000164327__alt2_old					
ENSG00000145332__primary_young					
ENSG00000145332__primary_old					
ENSG00000145332__baseline_baseline					
ENSG00000145332__alt1_young					
ENSG00000145332__alt1_old					
ENSG00000145332__alt2_young					
ENSG00000145332__alt2_old					
ENSG00000163577__primary_young					
ENSG00000163577__primary_old					
ENSG00000163577__baseline_baseline					
ENSG00000163577__alt1_young					
ENSG00000163577__alt1_old					
ENSG00000163577__alt2_young					
ENSG00000163577__alt2_old					
ENSG00000051523__primary_young					
ENSG00000051523__primary_old					
ENSG00000051523__baseline_baseline					
ENSG00000117598__primary_young					
ENSG00000117598__primary_old					
ENSG00000117598__baseline_baseline					
ENSG00000117598__alt1_young					
ENSG00000117598__alt1_old					
ENSG00000117598__alt2_young					
ENSG00000117598__alt2_old					
ENSG00000167693__primary_young					
ENSG00000167693__primary_old					
ENSG00000167693__baseline_baseline					
ENSG00000174109__primary_young					
ENSG00000174109__primary_old					
ENSG00000174109__baseline_baseline					
ENSG00000172216__primary_young					
ENSG00000172216__primary_old					
ENSG00000172216__baseline_baseline					
ENSG00000106603__primary_young					
ENSG00000106603__primary_old					
ENSG00000106603__baseline_baseline					
ENSG00000083720__primary_young					
ENSG00000083720__primary_old					
ENSG00000083720__baseline_baseline					
ENSG00000116906__primary_young					
ENSG00000116906__primary_old					
ENSG00000116906__baseline_baseline					
ENSG00000177971__primary_young					
ENSG00000177971__primary_old					
ENSG00000177971__baseline_baseline					
ENSG00000169908__primary_young					
ENSG00000169908__primary_old					
ENSG00000169908__baseline_baseline					
ENSG00000090013__primary_young					
ENSG00000090013__primary_old					
ENSG00000090013__baseline_baseline					
ENSG00000135924__primary_young					
ENSG00000135924__primary_old					
ENSG00000135924__baseline_baseline					
ENSG00000187323__primary_young					
ENSG00000187323__primary_old					
ENSG00000187323__baseline_baseline					
ENSG00000167136__primary_young					
ENSG00000167136__primary_old					
ENSG00000167136__baseline_baseline					
ENSG00000167136__alt1_young					
ENSG00000167136__alt1_old					
ENSG00000167136__alt2_young					
ENSG00000167136__alt2_old					
ENSG00000162695__primary_young					
ENSG00000162695__primary_old					
ENSG00000162695__baseline_baseline					
ENSG00000162695__alt1_young					
ENSG00000162695__alt1_old					
ENSG00000162695__alt2_young					
ENSG00000162695__alt2_old					
