ensembl_gene_id	gene_symbol	study_pmid	geo_series	context_id	cell_type_hcata	cell_type_alternative_2	cell_type_alternative_3	primary_tissue_context	n_donors_in_study	age_min_years	age_max_years	lfc_log2_per_year_reported	slope_reported	intercept_reported	neg_log10_adjusted_p	adjusted_p_derived	adjusted_p_below_0_05	scaled_log2_change_age20_to75	direction_reported	hcata_plotting_id	source_path
ENSG00000078596	ITM2A	36516485	GSE167186	ctx_0234b64ace9c	All Cells,  Skeletal Muscle	NA	NA	1	17	19	90	-0.003	-0.003	1.080	0	1	0	-0.165	down	2753305	source/effects_batch_000.json.gz
ENSG00000154265	ABCA5	36516485	GSE167186	ctx_0234b64ace9c	All Cells,  Skeletal Muscle	NA	NA	1	17	19	90	0.004	0.004	1.786	0	1	0	0.220	up	2758646	source/effects_batch_000.json.gz
ENSG00000167130	DOLPP1	36516485	GSE167186	ctx_0234b64ace9c	All Cells,  Skeletal Muscle	NA	NA	1	17	19	90	-0.001	-0.001	1.008	0	1	0	-0.055	down	2759915	source/effects_batch_000.json.gz
ENSG00000140157	NIPA2	36516485	GSE167186	ctx_0234b64ace9c	All Cells,  Skeletal Muscle	NA	NA	1	17	19	90	-0.002	-0.002	1.036	0	1	0	-0.110	down	2757531	source/effects_batch_000.json.gz
ENSG00000112972	HMGCS1	36516485	GSE167186	ctx_0234b64ace9c	All Cells,  Skeletal Muscle	NA	NA	1	17	19	90	-0.005	-0.005	1.052	0	1	0	-0.275	down	2755100	source/effects_batch_000.json.gz
ENSG00000035862	TIMP2	36516485	GSE167186	ctx_0234b64ace9c	All Cells,  Skeletal Muscle	NA	NA	1	17	19	90	0.000	0.000	1.164	0	1	0	0.000	rounded_zero	2752652	source/effects_batch_000.json.gz
ENSG00000107957	SH3PXD2A	36516485	GSE167186	ctx_0234b64ace9c	All Cells,  Skeletal Muscle	NA	NA	1	17	19	90	-0.003	-0.003	1.100	0	1	0	-0.165	down	2754666	source/effects_batch_000.json.gz
ENSG00000104763	ASAH1	36516485	GSE167186	ctx_0234b64ace9c	All Cells,  Skeletal Muscle	NA	NA	1	17	19	90	0.002	0.002	1.346	0	1	0	0.110	up	2754333	source/effects_batch_000.json.gz
ENSG00000115415	STAT1	36516485	GSE167186	ctx_0234b64ace9c	All Cells,  Skeletal Muscle	NA	NA	1	17	19	90	0.003	0.003	1.176	0	1	0	0.165	up	2755305	source/effects_batch_000.json.gz
ENSG00000168610	STAT3	36516485	GSE167186	ctx_0234b64ace9c	All Cells,  Skeletal Muscle	NA	NA	1	17	19	90	0.002	0.002	1.180	0	1	0	0.110	up	2760128	source/effects_batch_000.json.gz
ENSG00000123545	NDUFAF4	36516485	GSE167186	ctx_0234b64ace9c	All Cells,  Skeletal Muscle	NA	NA	1	17	19	90	-0.004	-0.004	1.072	0	1	0	-0.220	down	2755960	source/effects_batch_000.json.gz
ENSG00000108821	COL1A1	36516485	GSE167186	ctx_0234b64ace9c	All Cells,  Skeletal Muscle	NA	NA	1	17	19	90	-0.017	-0.017	1.428	0	1	0	-0.935	down	2754751	source/effects_batch_000.json.gz
ENSG00000123338	NCKAP1L	36516485	GSE167186	ctx_0234b64ace9c	All Cells,  Skeletal Muscle	NA	NA	1	17	19	90	0.002	0.002	1.176	0	1	0	0.110	up	2755946	source/effects_batch_000.json.gz
ENSG00000164405	UQCRQ	36516485	GSE167186	ctx_0234b64ace9c	All Cells,  Skeletal Muscle	NA	NA	1	17	19	90	0.002	0.002	1.140	0	1	0	0.110	up	2759544	source/effects_batch_000.json.gz
ENSG00000091483	FH	36516485	GSE167186	ctx_0234b64ace9c	All Cells,  Skeletal Muscle	NA	NA	1	17	19	90	0.000	0.000	1.048	0	1	0	0.000	rounded_zero	2753667	source/effects_batch_000.json.gz
ENSG00000179091	CYC1	36516485	GSE167186	ctx_0234b64ace9c	All Cells,  Skeletal Muscle	NA	NA	1	17	19	90	0.002	0.002	1.134	0	1	0	0.110	up	2761130	source/effects_batch_000.json.gz
ENSG00000105372	RPS19	36516485	GSE167186	ctx_0234b64ace9c	All Cells,  Skeletal Muscle	NA	NA	1	17	19	90	0.004	0.004	1.218	0	1	0	0.220	up	2754408	source/effects_batch_000.json.gz
ENSG00000082146	STRADB	36516485	GSE167186	ctx_0234b64ace9c	All Cells,  Skeletal Muscle	NA	NA	1	17	19	90	-0.001	-0.001	1.088	0	1	0	-0.055	down	2753396	source/effects_batch_000.json.gz
ENSG00000088543	C3orf18	36516485	GSE167186	ctx_0234b64ace9c	All Cells,  Skeletal Muscle	NA	NA	1	17	19	90	-0.008	-0.008	1.042	0	1	0	-0.440	down	2753562	source/effects_batch_000.json.gz
ENSG00000143321	HDGF	36516485	GSE167186	ctx_0234b64ace9c	All Cells,  Skeletal Muscle	NA	NA	1	17	19	90	-0.001	-0.001	1.036	0	1	0	-0.055	down	2757812	source/effects_batch_000.json.gz
ENSG00000166337	TAF10	36516485	GSE167186	ctx_0234b64ace9c	All Cells,  Skeletal Muscle	NA	NA	1	17	19	90	-0.001	-0.001	1.018	0	1	0	-0.055	down	2759811	source/effects_batch_000.json.gz
ENSG00000113448	PDE4D	36516485	GSE167186	ctx_0234b64ace9c	All Cells,  Skeletal Muscle	NA	NA	1	17	19	90	0.000	0.000	1.402	0	1	0	0.000	rounded_zero	2755133	source/effects_batch_001.json.gz
ENSG00000172115	CYCS	36516485	GSE167186	ctx_0234b64ace9c	All Cells,  Skeletal Muscle	NA	NA	1	17	19	90	-0.004	-0.004	1.084	0	1	0	-0.220	down	2760528	source/effects_batch_001.json.gz
ENSG00000162961	DPY30	36516485	GSE167186	ctx_0234b64ace9c	All Cells,  Skeletal Muscle	NA	NA	1	17	19	90	0.001	0.001	1.030	0	1	0	0.055	up	2759275	source/effects_batch_001.json.gz
ENSG00000154518	ATP5MC3	36516485	GSE167186	ctx_0234b64ace9c	All Cells,  Skeletal Muscle	NA	NA	1	17	19	90	-0.003	-0.003	1.208	0	1	0	-0.165	down	2758660	source/effects_batch_001.json.gz
ENSG00000100242	SUN2	36516485	GSE167186	ctx_0234b64ace9c	All Cells,  Skeletal Muscle	NA	NA	1	17	19	90	0.005	0.005	1.062	0	1	0	0.275	up	2753862	source/effects_batch_001.json.gz
ENSG00000174444	RPL4	36516485	GSE167186	ctx_0234b64ace9c	All Cells,  Skeletal Muscle	NA	NA	1	17	19	90	0.004	0.004	1.146	0	1	0	0.220	up	2760758	source/effects_batch_001.json.gz
ENSG00000067704	IARS2	36516485	GSE167186	ctx_0234b64ace9c	All Cells,  Skeletal Muscle	NA	NA	1	17	19	90	-0.001	-0.001	1.072	0	1	0	-0.055	down	2753007	source/effects_batch_001.json.gz
ENSG00000092068	SLC7A8	36516485	GSE167186	ctx_0234b64ace9c	All Cells,  Skeletal Muscle	NA	NA	1	17	19	90	-0.003	-0.003	1.072	0	1	0	-0.165	down	2753681	source/effects_batch_001.json.gz
ENSG00000086015	MAST2	36516485	GSE167186	ctx_0234b64ace9c	All Cells,  Skeletal Muscle	NA	NA	1	17	19	90	0.000	0.000	1.176	0	1	0	0.000	rounded_zero	2753490	source/effects_batch_001.json.gz
ENSG00000143158	MPC2	36516485	GSE167186	ctx_0234b64ace9c	All Cells,  Skeletal Muscle	NA	NA	1	17	19	90	0.002	0.002	1.044	0	1	0	0.110	up	2757791	source/effects_batch_001.json.gz
ENSG00000186628	FSD2	36516485	GSE167186	ctx_0234b64ace9c	All Cells,  Skeletal Muscle	NA	NA	1	17	19	90	-0.007	-0.007	1.302	0	1	0	-0.385	down	2761728	source/effects_batch_001.json.gz
ENSG00000150782	IL18	36516485	GSE167186	ctx_0234b64ace9c	All Cells,  Skeletal Muscle	NA	NA	1	17	19	90	0.010	0.010	1.194	0	1	0	0.550	up	2758398	source/effects_batch_001.json.gz
ENSG00000182568	SATB1	36516485	GSE167186	ctx_0234b64ace9c	All Cells,  Skeletal Muscle	NA	NA	1	17	19	90	0.003	0.003	1.108	0	1	0	0.165	up	2761356	source/effects_batch_001.json.gz
ENSG00000106554	CHCHD3	36516485	GSE167186	ctx_0234b64ace9c	All Cells,  Skeletal Muscle	NA	NA	1	17	19	90	-0.002	-0.002	1.208	0	1	0	-0.110	down	2754550	source/effects_batch_001.json.gz
ENSG00000125246	CLYBL	36516485	GSE167186	ctx_0234b64ace9c	All Cells,  Skeletal Muscle	NA	NA	1	17	19	90	-0.004	-0.004	1.048	0	1	0	-0.220	down	2756084	source/effects_batch_001.json.gz
ENSG00000165029	ABCA1	36516485	GSE167186	ctx_0234b64ace9c	All Cells,  Skeletal Muscle	NA	NA	1	17	19	90	-0.002	-0.002	1.216	0	1	0	-0.110	down	2759632	source/effects_batch_001.json.gz
ENSG00000101247	NDUFAF5	36516485	GSE167186	ctx_0234b64ace9c	All Cells,  Skeletal Muscle	NA	NA	1	17	19	90	-0.001	-0.001	1.124	0	1	0	-0.055	down	2754031	source/effects_batch_001.json.gz
ENSG00000125863	MKKS	36516485	GSE167186	ctx_0234b64ace9c	All Cells,  Skeletal Muscle	NA	NA	1	17	19	90	-0.002	-0.002	1.072	0	1	0	-0.110	down	2756152	source/effects_batch_002.json.gz
ENSG00000124766	SOX4	36516485	GSE167186	ctx_0234b64ace9c	All Cells,  Skeletal Muscle	NA	NA	1	17	19	90	-0.004	-0.004	1.096	0	1	0	-0.220	down	2756061	source/effects_batch_002.json.gz
ENSG00000130640	TUBGCP2	36516485	GSE167186	ctx_0234b64ace9c	All Cells,  Skeletal Muscle	NA	NA	1	17	19	90	0.001	0.001	1.142	0	1	0	0.055	up	2756492	source/effects_batch_002.json.gz
ENSG00000163346	PBXIP1	36516485	GSE167186	ctx_0234b64ace9c	All Cells,  Skeletal Muscle	NA	NA	1	17	19	90	0.002	0.002	1.072	0	1	0	0.110	up	2759324	source/effects_batch_002.json.gz
ENSG00000117411	B4GALT2	36516485	GSE167186	ctx_0234b64ace9c	All Cells,  Skeletal Muscle	NA	NA	1	17	19	90	-0.001	-0.001	1.012	0	1	0	-0.055	down	2755508	source/effects_batch_002.json.gz
ENSG00000108528	SLC25A11	36516485	GSE167186	ctx_0234b64ace9c	All Cells,  Skeletal Muscle	NA	NA	1	17	19	90	-0.005	-0.005	1.074	0	1	0	-0.275	down	2754718	source/effects_batch_002.json.gz
ENSG00000131943	C19orf12	36516485	GSE167186	ctx_0234b64ace9c	All Cells,  Skeletal Muscle	NA	NA	1	17	19	90	-0.001	-0.001	1.066	0	1	0	-0.055	down	2756627	source/effects_batch_002.json.gz
ENSG00000163840	DTX3L	36516485	GSE167186	ctx_0234b64ace9c	All Cells,  Skeletal Muscle	NA	NA	1	17	19	90	-0.002	-0.002	1.038	0	1	0	-0.110	down	2759418	source/effects_batch_002.json.gz
ENSG00000120694	HSPH1	36516485	GSE167186	ctx_0234b64ace9c	All Cells,  Skeletal Muscle	NA	NA	1	17	19	90	0.000	0.000	1.064	0	1	0	0.000	rounded_zero	2755756	source/effects_batch_002.json.gz
ENSG00000117519	CNN3	36516485	GSE167186	ctx_0234b64ace9c	All Cells,  Skeletal Muscle	NA	NA	1	17	19	90	-0.005	-0.005	1.110	0	1	0	-0.275	down	2755520	source/effects_batch_002.json.gz
ENSG00000164692	COL1A2	36516485	GSE167186	ctx_0234b64ace9c	All Cells,  Skeletal Muscle	NA	NA	1	17	19	90	-0.005	-0.005	1.816	0	1	0	-0.275	down	2759579	source/effects_batch_002.json.gz
ENSG00000135070	ISCA1	36516485	GSE167186	ctx_0234b64ace9c	All Cells,  Skeletal Muscle	NA	NA	1	17	19	90	0.001	0.001	1.072	0	1	0	0.055	up	2756933	source/effects_batch_002.json.gz
ENSG00000135541	AHI1	36516485	GSE167186	ctx_0234b64ace9c	All Cells,  Skeletal Muscle	NA	NA	1	17	19	90	-0.002	-0.002	1.194	0	1	0	-0.110	down	2756993	source/effects_batch_002.json.gz
ENSG00000152413	HOMER1	36516485	GSE167186	ctx_0234b64ace9c	All Cells,  Skeletal Muscle	NA	NA	1	17	19	90	-0.002	-0.002	1.242	0	1	0	-0.110	down	2758520	source/effects_batch_002.json.gz
ENSG00000067113	PLPP1	36516485	GSE167186	ctx_0234b64ace9c	All Cells,  Skeletal Muscle	NA	NA	1	17	19	90	-0.001	-0.001	1.212	0	1	0	-0.055	down	2752989	source/effects_batch_002.json.gz
ENSG00000079999	KEAP1	36516485	GSE167186	ctx_0234b64ace9c	All Cells,  Skeletal Muscle	NA	NA	1	17	19	90	-0.002	-0.002	1.086	0	1	0	-0.110	down	2753343	source/effects_batch_002.json.gz
ENSG00000196187	TMEM63A	36516485	GSE167186	ctx_0234b64ace9c	All Cells,  Skeletal Muscle	NA	NA	1	17	19	90	-0.004	-0.004	1.078	0	1	0	-0.220	down	2761950	source/effects_batch_002.json.gz
ENSG00000178053	MLF1	36516485	GSE167186	ctx_0234b64ace9c	All Cells,  Skeletal Muscle	NA	NA	1	17	19	90	-0.012	-0.012	1.246	0	1	0	-0.660	down	2761052	source/effects_batch_002.json.gz
ENSG00000136167	LCP1	36516485	GSE167186	ctx_0234b64ace9c	All Cells,  Skeletal Muscle	NA	NA	1	17	19	90	0.002	0.002	1.090	0	1	0	0.110	up	2757091	source/effects_batch_002.json.gz
ENSG00000164687	FABP5	36516485	GSE167186	ctx_0234b64ace9c	All Cells,  Skeletal Muscle	NA	NA	1	17	19	90	-0.012	-0.012	1.260	0	1	0	-0.660	down	2759578	source/effects_batch_002.json.gz
ENSG00000116748	AMPD1	36516485	GSE167186	ctx_0234b64ace9c	All Cells,  Skeletal Muscle	NA	NA	1	17	19	90	-0.004	-0.004	2.858	0	1	0	-0.220	down	2755447	source/effects_batch_002.json.gz
ENSG00000129083	COPB1	36516485	GSE167186	ctx_0234b64ace9c	All Cells,  Skeletal Muscle	NA	NA	1	17	19	90	0.001	0.001	1.034	0	1	0	0.055	up	2756368	source/effects_batch_003.json.gz
ENSG00000075336	TIMM21	36516485	GSE167186	ctx_0234b64ace9c	All Cells,  Skeletal Muscle	NA	NA	1	17	19	90	0.000	0.000	1.090	0	1	0	0.000	rounded_zero	2753209	source/effects_batch_003.json.gz
ENSG00000163541	SUCLG1	36516485	GSE167186	ctx_0234b64ace9c	All Cells,  Skeletal Muscle	NA	NA	1	17	19	90	-0.002	-0.002	1.082	0	1	0	-0.110	down	2759363	source/effects_batch_003.json.gz
ENSG00000083857	FAT1	36516485	GSE167186	ctx_0234b64ace9c	All Cells,  Skeletal Muscle	NA	NA	1	17	19	90	-0.003	-0.003	1.088	0	1	0	-0.165	down	2753441	source/effects_batch_003.json.gz
ENSG00000167081	PBX3	36516485	GSE167186	ctx_0234b64ace9c	All Cells,  Skeletal Muscle	NA	NA	1	17	19	90	-0.001	-0.001	1.022	0	1	0	-0.055	down	2759905	source/effects_batch_003.json.gz
ENSG00000139180	NDUFA9	36516485	GSE167186	ctx_0234b64ace9c	All Cells,  Skeletal Muscle	NA	NA	1	17	19	90	0.000	0.000	1.058	0	1	0	0.000	rounded_zero	2757454	source/effects_batch_003.json.gz
ENSG00000070214	SLC44A1	36516485	GSE167186	ctx_0234b64ace9c	All Cells,  Skeletal Muscle	NA	NA	1	17	19	90	-0.002	-0.002	1.142	0	1	0	-0.110	down	2753071	source/effects_batch_003.json.gz
ENSG00000125148	MT2A	36516485	GSE167186	ctx_0234b64ace9c	All Cells,  Skeletal Muscle	NA	NA	1	17	19	90	0.003	0.003	1.360	0	1	0	0.165	up	2756082	source/effects_batch_003.json.gz
ENSG00000114315	HES1	36516485	GSE167186	ctx_0234b64ace9c	All Cells,  Skeletal Muscle	NA	NA	1	17	19	90	-0.013	-0.013	1.086	0	1	0	-0.715	down	2755193	source/effects_batch_003.json.gz
ENSG00000154473	BUB3	36516485	GSE167186	ctx_0234b64ace9c	All Cells,  Skeletal Muscle	NA	NA	1	17	19	90	-0.001	-0.001	1.084	0	1	0	-0.055	down	2758659	source/effects_batch_003.json.gz
ENSG00000135916	ITM2C	36516485	GSE167186	ctx_0234b64ace9c	All Cells,  Skeletal Muscle	NA	NA	1	17	19	90	-0.012	-0.012	1.052	0	1	0	-0.660	down	2757044	source/effects_batch_003.json.gz
ENSG00000174446	SNAPC5	36516485	GSE167186	ctx_0234b64ace9c	All Cells,  Skeletal Muscle	NA	NA	1	17	19	90	-0.001	-0.001	1.020	0	1	0	-0.055	down	2760759	source/effects_batch_003.json.gz
ENSG00000183741	CBX6	36516485	GSE167186	ctx_0234b64ace9c	All Cells,  Skeletal Muscle	NA	NA	1	17	19	90	-0.003	-0.003	1.048	0	1	0	-0.165	down	2761452	source/effects_batch_003.json.gz
ENSG00000108591	DRG2	36516485	GSE167186	ctx_0234b64ace9c	All Cells,  Skeletal Muscle	NA	NA	1	17	19	90	-0.002	-0.002	1.046	0	1	0	-0.110	down	2754727	source/effects_batch_003.json.gz
ENSG00000154222	CC2D1B	36516485	GSE167186	ctx_0234b64ace9c	All Cells,  Skeletal Muscle	NA	NA	1	17	19	90	0.000	0.000	1.046	0	1	0	0.000	rounded_zero	2758639	source/effects_batch_003.json.gz
ENSG00000170458	CD14	36516485	GSE167186	ctx_0234b64ace9c	All Cells,  Skeletal Muscle	NA	NA	1	17	19	90	-0.001	-0.001	1.088	0	1	0	-0.055	down	2760354	source/effects_batch_003.json.gz
ENSG00000115268	RPS15	36516485	GSE167186	ctx_0234b64ace9c	All Cells,  Skeletal Muscle	NA	NA	1	17	19	90	0.004	0.004	1.286	0	1	0	0.220	up	2755283	source/effects_batch_003.json.gz
ENSG00000103994	ZNF106	36516485	GSE167186	ctx_0234b64ace9c	All Cells,  Skeletal Muscle	NA	NA	1	17	19	90	0.005	0.005	2.192	0	1	0	0.275	up	2754272	source/effects_batch_003.json.gz
ENSG00000133687	TMTC1	36516485	GSE167186	ctx_0234b64ace9c	All Cells,  Skeletal Muscle	NA	NA	1	17	19	90	0.007	0.007	1.090	0	1	0	0.385	up	2756789	source/effects_batch_003.json.gz
ENSG00000152443	ZNF776	36516485	GSE167186	ctx_0234b64ace9c	All Cells,  Skeletal Muscle	NA	NA	1	17	19	90	0.000	0.000	1.044	0	1	0	0.000	rounded_zero	2758525	source/effects_batch_003.json.gz
ENSG00000182326	C1S	36516485	GSE167186	ctx_0234b64ace9c	All Cells,  Skeletal Muscle	NA	NA	1	17	19	90	0.001	0.001	1.336	0	1	0	0.055	up	2761335	source/effects_batch_003.json.gz
ENSG00000136938	ANP32B	36516485	GSE167186	ctx_0234b64ace9c	All Cells,  Skeletal Muscle	NA	NA	1	17	19	90	0.002	0.002	1.036	0	1	0	0.110	up	2757192	source/effects_batch_003.json.gz
ENSG00000107789	MINPP1	36516485	GSE167186	ctx_0234b64ace9c	All Cells,  Skeletal Muscle	NA	NA	1	17	19	90	-0.002	-0.002	1.032	0	1	0	-0.110	down	2754641	source/effects_batch_004.json.gz
ENSG00000069956	MAPK6	36516485	GSE167186	ctx_0234b64ace9c	All Cells,  Skeletal Muscle	NA	NA	1	17	19	90	-0.006	-0.006	1.072	0.0325885402632398	0.9277083375652676	0	-0.330	down	2753061	source/effects_batch_004.json.gz
ENSG00000154096	THY1	36516485	GSE167186	ctx_0234b64ace9c	All Cells,  Skeletal Muscle	NA	NA	1	17	19	90	-0.005	-0.005	1.134	0	1	0	-0.275	down	2758627	source/effects_batch_004.json.gz
ENSG00000158195	WASF2	36516485	GSE167186	ctx_0234b64ace9c	All Cells,  Skeletal Muscle	NA	NA	1	17	19	90	-0.001	-0.001	1.116	0	1	0	-0.055	down	2758904	source/effects_batch_004.json.gz
ENSG00000104894	CD37	36516485	GSE167186	ctx_0234b64ace9c	All Cells,  Skeletal Muscle	NA	NA	1	17	19	90	0.003	0.003	1.180	0	1	0	0.165	up	2754354	source/effects_batch_004.json.gz
ENSG00000068615	REEP1	36516485	GSE167186	ctx_0234b64ace9c	All Cells,  Skeletal Muscle	NA	NA	1	17	19	90	-0.002	-0.002	1.112	0	1	0	-0.110	down	2753030	source/effects_batch_004.json.gz
ENSG00000136521	NDUFB5	36516485	GSE167186	ctx_0234b64ace9c	All Cells,  Skeletal Muscle	NA	NA	1	17	19	90	0.000	0.000	1.084	0	1	0	0.000	rounded_zero	2757128	source/effects_batch_004.json.gz
ENSG00000064115	TM7SF3	36516485	GSE167186	ctx_0234b64ace9c	All Cells,  Skeletal Muscle	NA	NA	1	17	19	90	-0.001	-0.001	1.056	0	1	0	-0.055	down	2752897	source/effects_batch_004.json.gz
ENSG00000134352	IL6ST	36516485	GSE167186	ctx_0234b64ace9c	All Cells,  Skeletal Muscle	NA	NA	1	17	19	90	0.001	0.001	1.232	0	1	0	0.055	up	2756858	source/effects_batch_004.json.gz
ENSG00000157637	SLC38A10	36516485	GSE167186	ctx_0234b64ace9c	All Cells,  Skeletal Muscle	NA	NA	1	17	19	90	-0.002	-0.002	1.054	0	1	0	-0.110	down	2758868	source/effects_batch_004.json.gz
ENSG00000128708	HAT1	36516485	GSE167186	ctx_0234b64ace9c	All Cells,  Skeletal Muscle	NA	NA	1	17	19	90	0.003	0.003	1.060	0	1	0	0.165	up	2756343	source/effects_batch_004.json.gz
ENSG00000113387	SUB1	36516485	GSE167186	ctx_0234b64ace9c	All Cells,  Skeletal Muscle	NA	NA	1	17	19	90	0.000	0.000	1.088	0	1	0	0.000	rounded_zero	2755130	source/effects_batch_004.json.gz
ENSG00000165629	ATP5F1C	36516485	GSE167186	ctx_0234b64ace9c	All Cells,  Skeletal Muscle	NA	NA	1	17	19	90	-0.002	-0.002	1.078	0	1	0	-0.110	down	2759701	source/effects_batch_004.json.gz
ENSG00000188153	COL4A5	36516485	GSE167186	ctx_0234b64ace9c	All Cells,  Skeletal Muscle	NA	NA	1	17	19	90	0.003	0.003	1.200	0	1	0	0.165	up	2761818	source/effects_batch_004.json.gz
ENSG00000140990	NDUFB10	36516485	GSE167186	ctx_0234b64ace9c	All Cells,  Skeletal Muscle	NA	NA	1	17	19	90	0.001	0.001	1.102	0	1	0	0.055	up	2757613	source/effects_batch_004.json.gz
ENSG00000167434	CA4	36516485	GSE167186	ctx_0234b64ace9c	All Cells,  Skeletal Muscle	NA	NA	1	17	19	90	-0.016	-0.016	1.258	0	1	0	-0.880	down	2759950	source/effects_batch_004.json.gz
ENSG00000127951	FGL2	36516485	GSE167186	ctx_0234b64ace9c	All Cells,  Skeletal Muscle	NA	NA	1	17	19	90	-0.011	-0.011	1.116	0	1	0	-0.605	down	2756288	source/effects_batch_004.json.gz
ENSG00000146834	MEPCE	36516485	GSE167186	ctx_0234b64ace9c	All Cells,  Skeletal Muscle	NA	NA	1	17	19	90	-0.002	-0.002	1.022	0	1	0	-0.110	down	2758145	source/effects_batch_004.json.gz
ENSG00000150347	ARID5B	36516485	GSE167186	ctx_0234b64ace9c	All Cells,  Skeletal Muscle	NA	NA	1	17	19	90	0.005	0.005	1.320	0	1	0	0.275	up	2758373	source/effects_batch_004.json.gz
ENSG00000156508	EEF1A1	36516485	GSE167186	ctx_0234b64ace9c	All Cells,  Skeletal Muscle	NA	NA	1	17	19	90	-0.001	-0.001	1.248	0	1	0	-0.055	down	2758792	source/effects_batch_004.json.gz
ENSG00000114416	FXR1	36516485	GSE167186	ctx_0234b64ace9c	All Cells,  Skeletal Muscle	NA	NA	1	17	19	90	0.001	0.001	1.380	0	1	0	0.055	up	2755204	source/effects_batch_004.json.gz
ENSG00000087470	DNM1L	36516485	GSE167186	ctx_0234b64ace9c	All Cells,  Skeletal Muscle	NA	NA	1	17	19	90	-0.001	-0.001	1.214	0	1	0	-0.055	down	2753542	source/effects_batch_004.json.gz
ENSG00000113845	TIMMDC1	36516485	GSE167186	ctx_0234b64ace9c	All Cells,  Skeletal Muscle	NA	NA	1	17	19	90	0.000	0.000	1.060	0	1	0	0.000	rounded_zero	2755168	source/effects_batch_004.json.gz
ENSG00000143162	CREG1	36516485	GSE167186	ctx_0234b64ace9c	All Cells,  Skeletal Muscle	NA	NA	1	17	19	90	0.000	0.000	1.052	0	1	0	0.000	rounded_zero	2757792	source/effects_batch_005.json.gz
ENSG00000134107	BHLHE40	36516485	GSE167186	ctx_0234b64ace9c	All Cells,  Skeletal Muscle	NA	NA	1	17	19	90	0.000	0.000	1.188	0	1	0	0.000	rounded_zero	2756825	source/effects_batch_005.json.gz
ENSG00000011465	DCN	36516485	GSE167186	ctx_0234b64ace9c	All Cells,  Skeletal Muscle	NA	NA	1	17	19	90	0.005	0.005	2.058	0	1	0	0.275	up	2752492	source/effects_batch_005.json.gz
ENSG00000197324	LRP10	36516485	GSE167186	ctx_0234b64ace9c	All Cells,  Skeletal Muscle	NA	NA	1	17	19	90	-0.002	-0.002	1.054	0	1	0	-0.110	down	2762124	source/effects_batch_005.json.gz
ENSG00000173918	C1QTNF1	36516485	GSE167186	ctx_0234b64ace9c	All Cells,  Skeletal Muscle	NA	NA	1	17	19	90	-0.012	-0.012	1.074	0	1	0	-0.660	down	2760720	source/effects_batch_005.json.gz
ENSG00000165996	HACD1	36516485	GSE167186	ctx_0234b64ace9c	All Cells,  Skeletal Muscle	NA	NA	1	17	19	90	0.000	0.000	1.090	0	1	0	0.000	rounded_zero	2759754	source/effects_batch_005.json.gz
ENSG00000164327	RICTOR	36516485	GSE167186	ctx_0234b64ace9c	All Cells,  Skeletal Muscle	NA	NA	1	17	19	90	0.001	0.001	1.246	0	1	0	0.055	up	2759531	source/effects_batch_005.json.gz
ENSG00000145332	KLHL8	36516485	GSE167186	ctx_0234b64ace9c	All Cells,  Skeletal Muscle	NA	NA	1	17	19	90	0.001	0.001	1.048	0	1	0	0.055	up	2758028	source/effects_batch_005.json.gz
ENSG00000051523	CYBA	36516485	GSE167186	ctx_0234b64ace9c	All Cells,  Skeletal Muscle	NA	NA	1	17	19	90	0.000	0.000	1.134	0	1	0	0.000	rounded_zero	2752765	source/effects_batch_005.json.gz
ENSG00000174109	UQCC4	36516485	GSE167186	ctx_0234b64ace9c	All Cells,  Skeletal Muscle	NA	NA	1	17	19	90	-0.004	-0.004	1.014	0	1	0	-0.220	down	2760735	source/effects_batch_005.json.gz
ENSG00000172216	CEBPB	36516485	GSE167186	ctx_0234b64ace9c	All Cells,  Skeletal Muscle	NA	NA	1	17	19	90	0.002	0.002	1.080	0	1	0	0.110	up	2760537	source/effects_batch_005.json.gz
ENSG00000106603	COA1	36516485	GSE167186	ctx_0234b64ace9c	All Cells,  Skeletal Muscle	NA	NA	1	17	19	90	0.001	0.001	1.196	0	1	0	0.055	up	2754555	source/effects_batch_005.json.gz
ENSG00000083720	OXCT1	36516485	GSE167186	ctx_0234b64ace9c	All Cells,  Skeletal Muscle	NA	NA	1	17	19	90	0.011	0.011	1.116	0	1	0	0.605	up	2753431	source/effects_batch_005.json.gz
ENSG00000116906	GNPAT	36516485	GSE167186	ctx_0234b64ace9c	All Cells,  Skeletal Muscle	NA	NA	1	17	19	90	-0.001	-0.001	1.076	0	1	0	-0.055	down	2755467	source/effects_batch_005.json.gz
ENSG00000177971	IMP3	36516485	GSE167186	ctx_0234b64ace9c	All Cells,  Skeletal Muscle	NA	NA	1	17	19	90	0.002	0.002	1.028	0	1	0	0.110	up	2761043	source/effects_batch_005.json.gz
ENSG00000169908	TM4SF1	36516485	GSE167186	ctx_0234b64ace9c	All Cells,  Skeletal Muscle	NA	NA	1	17	19	90	-0.006	-0.006	1.170	0	1	0	-0.330	down	2760292	source/effects_batch_005.json.gz
ENSG00000090013	BLVRB	36516485	GSE167186	ctx_0234b64ace9c	All Cells,  Skeletal Muscle	NA	NA	1	17	19	90	0.005	0.005	1.072	0	1	0	0.275	up	2753621	source/effects_batch_005.json.gz
ENSG00000135924	DNAJB2	36516485	GSE167186	ctx_0234b64ace9c	All Cells,  Skeletal Muscle	NA	NA	1	17	19	90	-0.001	-0.001	1.098	0	1	0	-0.055	down	2757046	source/effects_batch_005.json.gz
ENSG00000167136	ENDOG	36516485	GSE167186	ctx_0234b64ace9c	All Cells,  Skeletal Muscle	NA	NA	1	17	19	90	-0.008	-0.008	1.044	0	1	0	-0.440	down	2759916	source/effects_batch_005.json.gz
ENSG00000162695	SLC30A7	36516485	GSE167186	ctx_0234b64ace9c	All Cells,  Skeletal Muscle	NA	NA	1	17	19	90	0.001	0.001	1.056	0	1	0	0.055	up	2759239	source/effects_batch_005.json.gz
