ensembl_gene_id	gene_symbol	panel_group
ENSG00000078596	ITM2A	down
ENSG00000169313	P2RY12	up
ENSG00000154265	ABCA5	background
ENSG00000167130	DOLPP1	background
ENSG00000140157	NIPA2	background
ENSG00000112972	HMGCS1	down
ENSG00000035862	TIMP2	up
ENSG00000107957	SH3PXD2A	up
ENSG00000104763	ASAH1	up
ENSG00000115415	STAT1	up
ENSG00000168610	STAT3	up
ENSG00000123545	NDUFAF4	down
ENSG00000108821	COL1A1	down
ENSG00000123338	NCKAP1L	up
ENSG00000069974	RAB27A	up
ENSG00000164405	UQCRQ	down
ENSG00000179242	CDH4	background
ENSG00000091483	FH	down
ENSG00000179091	CYC1	down
ENSG00000105372	RPS19	background
ENSG00000082146	STRADB	down
ENSG00000088543	C3orf18	background
ENSG00000143321	HDGF	background
ENSG00000132386	SERPINF1	down
ENSG00000166337	TAF10	background
ENSG00000113448	PDE4D	down
ENSG00000203730	TEDDM1	background
ENSG00000131910	NR0B2	background
ENSG00000172115	CYCS	down
ENSG00000162961	DPY30	background
ENSG00000154518	ATP5MC3	down
ENSG00000100242	SUN2	up
ENSG00000138463	SLC49A4	down
ENSG00000174444	RPL4	up
ENSG00000067704	IARS2	background
ENSG00000092068	SLC7A8	background
ENSG00000039068	CDH1	up
ENSG00000086015	MAST2	background
ENSG00000143158	MPC2	down
ENSG00000162511	LAPTM5	up
ENSG00000172578	KLHL6	up
ENSG00000040487	SLC66A1	background
ENSG00000186628	FSD2	background
ENSG00000182333	LIPF	background
ENSG00000150782	IL18	up
ENSG00000182568	SATB1	down
ENSG00000106554	CHCHD3	down
ENSG00000125246	CLYBL	down
ENSG00000165029	ABCA1	up
ENSG00000101247	NDUFAF5	down
ENSG00000204264	PSMB8	up
ENSG00000125863	MKKS	down
ENSG00000124766	SOX4	down
ENSG00000130640	TUBGCP2	up
ENSG00000183496	MEX3B	down
ENSG00000163346	PBXIP1	up
ENSG00000117411	B4GALT2	background
ENSG00000108528	SLC25A11	down
ENSG00000131943	C19orf12	background
ENSG00000163840	DTX3L	up
ENSG00000120694	HSPH1	down
ENSG00000117519	CNN3	up
ENSG00000181222	POLR2A	up
ENSG00000164692	COL1A2	down
ENSG00000135070	ISCA1	down
ENSG00000135541	AHI1	background
ENSG00000152413	HOMER1	down
ENSG00000067113	PLPP1	up
ENSG00000079999	KEAP1	background
ENSG00000196187	TMEM63A	up
ENSG00000178053	MLF1	down
ENSG00000136167	LCP1	up
ENSG00000164687	FABP5	down
ENSG00000116748	AMPD1	background
ENSG00000132359	RAP1GAP2	up
ENSG00000129083	COPB1	background
ENSG00000075336	TIMM21	down
ENSG00000163541	SUCLG1	down
ENSG00000083857	FAT1	background
ENSG00000167081	PBX3	up
ENSG00000144214	LYG1	background
ENSG00000139180	NDUFA9	down
ENSG00000070214	SLC44A1	up
ENSG00000131941	RHPN2	up
ENSG00000125148	MT2A	up
ENSG00000114315	HES1	background
ENSG00000154473	BUB3	background
ENSG00000135916	ITM2C	background
ENSG00000174446	SNAPC5	background
ENSG00000183741	CBX6	down
ENSG00000108591	DRG2	background
ENSG00000154222	CC2D1B	background
ENSG00000170458	CD14	up
ENSG00000115268	RPS15	background
ENSG00000168394	TAP1	up
ENSG00000103994	ZNF106	background
ENSG00000133687	TMTC1	up
ENSG00000152443	ZNF776	background
ENSG00000182326	C1S	up
ENSG00000136938	ANP32B	up
ENSG00000107789	MINPP1	background
ENSG00000069956	MAPK6	down
ENSG00000154096	THY1	down
ENSG00000158195	WASF2	up
ENSG00000104894	CD37	up
ENSG00000068615	REEP1	down
ENSG00000136521	NDUFB5	down
ENSG00000164733	CTSB	up
ENSG00000064115	TM7SF3	up
ENSG00000134352	IL6ST	up
ENSG00000157637	SLC38A10	background
ENSG00000273749	CYFIP1	background
ENSG00000128708	HAT1	background
ENSG00000113387	SUB1	background
ENSG00000165629	ATP5F1C	down
ENSG00000188153	COL4A5	down
ENSG00000140990	NDUFB10	down
ENSG00000167434	CA4	down
ENSG00000127951	FGL2	up
ENSG00000146834	MEPCE	background
ENSG00000150347	ARID5B	background
ENSG00000156508	EEF1A1	background
ENSG00000114416	FXR1	background
ENSG00000087470	DNM1L	down
ENSG00000113845	TIMMDC1	down
ENSG00000143162	CREG1	up
ENSG00000134107	BHLHE40	up
ENSG00000011465	DCN	up
ENSG00000197324	LRP10	up
ENSG00000173918	C1QTNF1	background
ENSG00000165996	HACD1	down
ENSG00000006118	TMEM132A	down
ENSG00000164327	RICTOR	up
ENSG00000145332	KLHL8	background
ENSG00000163577	EIF5A2	background
ENSG00000051523	CYBA	up
ENSG00000117598	PLPPR5	down
ENSG00000167693	NXN	background
ENSG00000174109	UQCC4	down
ENSG00000172216	CEBPB	up
ENSG00000106603	COA1	down
ENSG00000083720	OXCT1	down
ENSG00000116906	GNPAT	down
ENSG00000177971	IMP3	background
ENSG00000169908	TM4SF1	up
ENSG00000090013	BLVRB	background
ENSG00000135924	DNAJB2	up
ENSG00000187323	DCC	background
ENSG00000167136	ENDOG	down
ENSG00000162695	SLC30A7	up
